Campaign,Ad group,Keyword,Match type,Status,Final URL,Headline 1,Headline 2,Headline 3,Description 1,Description 2,Daily budget,Bid strategy
google-search-aws-cost-tools,aws-cost-optimization,aws cost optimization tool,Phrase,Active,https://costsage.ai/lp/google-aws-cost-tools?utm_source=google&utm_medium=cpc&utm_campaign=google-search-aws-cost-tools&utm_content=awscost-rsa-1&utm_term={keyword},Cut Your AWS Bill 25-40%,AI Agent Closes the Loop,Approval-Gated Execution,CostSage agents identify and execute AWS cost fixes - rightsizing, RIs, idle cleanup, tagging - under your approval.,Used by AWS-first SaaS teams $10K-$500K/mo. AWS Marketplace listed.,50,Maximize conversions
google-search-aws-cost-tools,aws-cost-optimization,aws cost reduction software,Phrase,Active,https://costsage.ai/lp/google-aws-cost-tools?utm_source=google&utm_medium=cpc&utm_campaign=google-search-aws-cost-tools&utm_content=awscost-rsa-1&utm_term={keyword},Cut Your AWS Bill 25-40%,AI Agent Closes the Loop,Approval-Gated Execution,CostSage agents identify and execute AWS cost fixes - rightsizing, RIs, idle cleanup, tagging - under your approval.,Used by AWS-first SaaS teams $10K-$500K/mo. AWS Marketplace listed.,50,Maximize conversions
google-search-aws-cost-tools,aws-cost-optimization,aws savings plans tool,Phrase,Active,https://costsage.ai/lp/google-aws-cost-tools?utm_source=google&utm_medium=cpc&utm_campaign=google-search-aws-cost-tools&utm_content=awscost-rsa-1&utm_term={keyword},Cut Your AWS Bill 25-40%,AI Agent Closes the Loop,Approval-Gated Execution,CostSage agents identify and execute AWS cost fixes - rightsizing, RIs, idle cleanup, tagging - under your approval.,Used by AWS-first SaaS teams $10K-$500K/mo. AWS Marketplace listed.,50,Maximize conversions
google-search-aws-cost-tools,aws-cost-optimization,reserved instance optimization,Phrase,Active,https://costsage.ai/lp/google-aws-cost-tools?utm_source=google&utm_medium=cpc&utm_campaign=google-search-aws-cost-tools&utm_content=awscost-rsa-1&utm_term={keyword},Cut Your AWS Bill 25-40%,AI Agent Closes the Loop,Approval-Gated Execution,CostSage agents identify and execute AWS cost fixes - rightsizing, RIs, idle cleanup, tagging - under your approval.,Used by AWS-first SaaS teams $10K-$500K/mo. AWS Marketplace listed.,50,Maximize conversions
google-search-aws-cost-tools,aws-cost-optimization,ec2 rightsizing tool,Phrase,Active,https://costsage.ai/lp/google-aws-cost-tools?utm_source=google&utm_medium=cpc&utm_campaign=google-search-aws-cost-tools&utm_content=awscost-rsa-2&utm_term={keyword},EC2 Rightsizing Automated,Stop Chasing Cost Explorer,Approval + Audit Trail,Identify under-utilised EC2; the agent recommends right-sizing; you approve; agent executes - with rollback.,No more spreadsheets. AWS Marketplace listed. Try free.,50,Maximize conversions
google-search-aws-cost-tools,aws-cost-optimization,cloud cost management software,Broad,Active,https://costsage.ai/lp/google-aws-cost-tools?utm_source=google&utm_medium=cpc&utm_campaign=google-search-aws-cost-tools&utm_content=awscost-rsa-1&utm_term={keyword},Cut Your AWS Bill 25-40%,AI Agent Closes the Loop,Approval-Gated Execution,CostSage agents identify and execute AWS cost fixes - rightsizing, RIs, idle cleanup, tagging - under your approval.,Used by AWS-first SaaS teams $10K-$500K/mo. AWS Marketplace listed.,50,Maximize conversions
google-search-aws-cost-tools,aws-cost-optimization,finops tool,Phrase,Active,https://costsage.ai/lp/google-aws-cost-tools?utm_source=google&utm_medium=cpc&utm_campaign=google-search-aws-cost-tools&utm_content=awscost-rsa-3&utm_term={keyword},Agentic FinOps for AWS,Beyond Visibility,Cut Bills - Don't Just Watch Them,Most FinOps tools surface waste. CostSage executes the fix - with your approval and rollback.,AWS Marketplace listed. Mid-market SaaS focus. Free trial.,50,Maximize conversions
google-search-aws-cost-tools,aws-cost-optimization,cloud cost reduction,Phrase,Active,https://costsage.ai/lp/google-aws-cost-tools?utm_source=google&utm_medium=cpc&utm_campaign=google-search-aws-cost-tools&utm_content=awscost-rsa-1&utm_term={keyword},Cut Your AWS Bill 25-40%,AI Agent Closes the Loop,Approval-Gated Execution,CostSage agents identify and execute AWS cost fixes - rightsizing, RIs, idle cleanup, tagging - under your approval.,Used by AWS-first SaaS teams $10K-$500K/mo. AWS Marketplace listed.,50,Maximize conversions
google-search-aws-cost-tools,aws-cost-optimization,aws cost reduction tool,Exact,Active,https://costsage.ai/lp/google-aws-cost-tools?utm_source=google&utm_medium=cpc&utm_campaign=google-search-aws-cost-tools&utm_content=awscost-rsa-1&utm_term={keyword},Cut Your AWS Bill 25-40%,AI Agent Closes the Loop,Approval-Gated Execution,CostSage agents identify and execute AWS cost fixes - rightsizing, RIs, idle cleanup, tagging - under your approval.,Used by AWS-first SaaS teams $10K-$500K/mo. AWS Marketplace listed.,50,Maximize conversions
google-search-aws-cost-tools,reserved-instances,aws reserved instances,Phrase,Active,https://costsage.ai/aws?utm_source=google&utm_medium=cpc&utm_campaign=google-search-aws-cost-tools&utm_content=ri-rsa-1&utm_term={keyword},RI Portfolio Optimization,3-Year Lock-In with Confidence,Modeled Before You Buy,CostSage models your RI portfolio against actual usage - recommends optimal coverage - and executes purchases.,Free portfolio analysis. AWS-first SaaS focus.,40,Maximize conversions
google-search-aws-cost-tools,reserved-instances,reserved instance buying,Phrase,Active,https://costsage.ai/aws?utm_source=google&utm_medium=cpc&utm_campaign=google-search-aws-cost-tools&utm_content=ri-rsa-1&utm_term={keyword},RI Portfolio Optimization,3-Year Lock-In with Confidence,Modeled Before You Buy,CostSage models your RI portfolio against actual usage - recommends optimal coverage - and executes purchases.,Free portfolio analysis. AWS-first SaaS focus.,40,Maximize conversions
google-search-aws-cost-tools,reserved-instances,savings plans optimization,Phrase,Active,https://costsage.ai/aws?utm_source=google&utm_medium=cpc&utm_campaign=google-search-aws-cost-tools&utm_content=ri-rsa-1&utm_term={keyword},RI Portfolio Optimization,3-Year Lock-In with Confidence,Modeled Before You Buy,CostSage models your RI portfolio against actual usage - recommends optimal coverage - and executes purchases.,Free portfolio analysis. AWS-first SaaS focus.,40,Maximize conversions
google-search-aws-cost-tools,reserved-instances,ri vs savings plans,Phrase,Active,https://costsage.ai/blog/ri-vs-savings-plans?utm_source=google&utm_medium=cpc&utm_campaign=google-search-aws-cost-tools&utm_content=ri-rsa-2&utm_term={keyword},RI or Savings Plan?,2026 Decision Framework,Honest Comparison,The 2026 update on the most-asked AWS commitment question. Specific scenarios where each wins.,Read the full breakdown. CostSage helps execute either choice.,40,Maximize conversions
google-search-aws-cost-tools,idle-resources,unused ec2 instance,Phrase,Active,https://costsage.ai/aws?utm_source=google&utm_medium=cpc&utm_campaign=google-search-aws-cost-tools&utm_content=idle-rsa-1&utm_term={keyword},Idle EC2 Cleanup,Quarantine Before Delete,Approved + Reversible,Find unattached EBS, idle Elastic IPs, dormant ALBs - approve for cleanup with auto-rollback safety.,Saves customers $40K-$200K/yr on average. Free trial.,30,Maximize conversions
google-search-aws-cost-tools,idle-resources,unused ebs volumes,Phrase,Active,https://costsage.ai/aws?utm_source=google&utm_medium=cpc&utm_campaign=google-search-aws-cost-tools&utm_content=idle-rsa-1&utm_term={keyword},Idle EC2 Cleanup,Quarantine Before Delete,Approved + Reversible,Find unattached EBS, idle Elastic IPs, dormant ALBs - approve for cleanup with auto-rollback safety.,Saves customers $40K-$200K/yr on average. Free trial.,30,Maximize conversions
google-search-aws-cost-tools,idle-resources,aws cleanup tool,Phrase,Active,https://costsage.ai/aws?utm_source=google&utm_medium=cpc&utm_campaign=google-search-aws-cost-tools&utm_content=idle-rsa-1&utm_term={keyword},Idle EC2 Cleanup,Quarantine Before Delete,Approved + Reversible,Find unattached EBS, idle Elastic IPs, dormant ALBs - approve for cleanup with auto-rollback safety.,Saves customers $40K-$200K/yr on average. Free trial.,30,Maximize conversions
google-search-finops-platform,finops-platform,finops platform,Phrase,Active,https://costsage.ai/lp/google-aws-cost-tools?utm_source=google&utm_medium=cpc&utm_campaign=google-search-finops-platform&utm_content=finops-rsa-1&utm_term={keyword},Agentic FinOps Platform,Beyond Visibility Tools,Execution + Approval + Audit,CostSage is the FinOps platform that closes the gap between visibility and action. AWS + Azure.,Pricing transparent. AWS Marketplace listed. Free trial.,40,Maximize conversions
google-search-finops-platform,finops-platform,best finops tool,Phrase,Active,https://costsage.ai/alternatives?utm_source=google&utm_medium=cpc&utm_campaign=google-search-finops-platform&utm_content=finops-rsa-1&utm_term={keyword},Agentic FinOps Platform,Beyond Visibility Tools,Execution + Approval + Audit,CostSage is the FinOps platform that closes the gap between visibility and action. AWS + Azure.,Pricing transparent. AWS Marketplace listed. Free trial.,40,Maximize conversions
google-search-finops-platform,finops-platform,cloud cost optimization platform,Phrase,Active,https://costsage.ai/lp/google-aws-cost-tools?utm_source=google&utm_medium=cpc&utm_campaign=google-search-finops-platform&utm_content=finops-rsa-1&utm_term={keyword},Agentic FinOps Platform,Beyond Visibility Tools,Execution + Approval + Audit,CostSage is the FinOps platform that closes the gap between visibility and action. AWS + Azure.,Pricing transparent. AWS Marketplace listed. Free trial.,40,Maximize conversions
